yrmth,maximum_rainfall_in_a_day,no_of_rainy_days,total_rainfall,mean_sunshine_hrs,mean_temp,mean_rh,wbt_mean,wbt_max,asian_civilisations_museum,national_museum_of_singapore,singapore_art_museum,singapore_philatelic_museum,peranakan_museum,science_centre_singapore,jurong_birdpark,night_safari,river_wonders,zoo,chinese/japanese_garden,sun_yat_sen_nanyang_memorial_hall,indian_heritage_centre,malay_heritage_centre,year,month
1990-12-01,33.5,16.0,201.1,5.5,26.3,86.0,24.5,26.8,,28.1,,,,35.7,,,,153.8,20.4,,,,1990,12
1991-01-01,36.2,13.0,123.9,5.6,26.7,84.1,24.6,26.4,,19.1,,,,20.2,,,,62.6,13.3,,,,1991,1
1991-02-01,17.9,7.0,45.5,7.0,27.1,81.6,24.6,26.9,,18.4,,,,28.8,,,,93.3,33.3,,,,1991,2
1991-03-01,48.6,10.0,92.4,7.1,27.8,79.9,25.0,27.2,,27.4,,,,61.5,,,,95.5,14.9,,,,1991,3
1991-04-01,32.2,13.0,134.2,5.8,27.7,84.3,25.6,27.7,,21.7,,,,37.1,,,,81.5,14.8,,,,1991,4
1991-05-01,44.0,23.0,256.4,5.1,27.7,86.6,25.9,28.0,,16.3,,,,68.4,,,,95.1,12.9,,,,1991,5
1991-06-01,55.6,9.0,88.7,7.1,28.6,81.0,26.0,28.1,,20.5,,,,44.8,,,,116.0,16.4,,,,1991,6
1991-07-01,10.7,8.0,37.3,6.7,28.5,78.7,25.5,27.5,,17.1,,,,37.8,,,,73.8,31.5,,,,1991,7
1991-08-01,129.9,8.0,226.2,5.3,28.2,79.8,25.4,27.5,,20.8,,,,32.5,,,,99.6,19.5,,,,1991,8
1991-09-01,53.6,12.0,123.1,4.1,27.5,83.0,25.3,27.2,,19.2,,,,41.0,,,,110.7,164.8,,,,1991,9
1991-10-01,20.4,5.0,52.0,4.2,27.5,81.4,25.0,27.4,,20.0,,,,41.2,,,,69.8,15.1,,,,1991,10
1991-11-01,75.2,19.0,205.0,3.5,26.3,86.5,24.5,26.6,,34.2,,,,90.1,,,,148.6,34.3,,,,1991,11
1991-12-01,79.4,19.0,492.3,3.0,25.6,90.7,24.4,26.7,,21.0,,,,39.7,,,,118.0,24.7,,,,1991,12
1992-01-01,56.2,9.0,83.9,6.6,26.6,82.4,24.3,26.6,,15.5,,,,20.6,,,,69.5,10.7,,,,1992,1
1992-02-01,43.2,4.0,62.4,7.7,27.5,80.5,24.8,26.7,,23.9,,,,31.8,,,,122.6,24.8,,,,1992,2
1992-03-01,35.1,6.0,67.6,7.4,28.2,80.6,25.5,27.6,,24.8,,,,40.4,,,,98.0,17.1,,,,1992,3
1992-04-01,94.7,13.0,160.3,6.4,28.4,82.4,26.0,28.0,,21.9,,,,37.1,,,,98.9,18.9,,,,1992,4
1992-05-01,13.7,13.0,63.1,5.7,28.1,83.3,25.9,27.9,,29.8,,,,62.4,,,,113.1,17.6,,,,1992,5
1992-06-01,38.4,14.0,162.8,5.5,28.0,82.7,25.7,28.0,,19.5,,,,51.4,,,,144.6,26.0,,,,1992,6
1992-07-01,97.3,19.0,290.8,4.7,27.3,83.8,25.2,27.2,,17.6,,,,40.0,,,,112.3,19.0,,,,1992,7
1992-08-01,31.0,11.0,76.1,5.7,27.8,81.1,25.2,27.2,,21.6,,,,44.2,,,,130.2,21.0,,,,1992,8
1992-09-01,17.5,13.0,83.6,5.0,27.3,82.9,25.0,27.2,,19.3,,,,34.2,,,,112.1,117.3,,,,1992,9
1992-10-01,45.5,20.0,233.2,4.5,27.4,82.0,25.0,27.2,,12.3,,,,35.6,,,,109.6,18.5,,,,1992,10
1992-11-01,120.6,18.0,474.3,3.7,26.1,87.7,24.5,26.8,,21.7,,,,76.4,,,,140.6,32.1,,,,1992,11
1992-12-01,105.7,23.0,502.7,3.4,25.5,90.3,24.3,26.5,,9.9,,,,40.9,,,,103.8,27.9,,,,1992,12
1993-01-01,37.2,11.0,176.4,5.5,26.2,85.7,24.3,27.1,,15.2,,,,25.3,,,,124.2,31.6,,,,1993,1
1993-02-01,27.0,8.0,69.2,8.5,26.7,80.5,24.1,26.2,,18.9,,,,28.3,,,,71.3,13.4,,,,1993,2
1993-03-01,56.9,14.0,250.5,5.4,26.7,86.3,24.9,27.5,,26.7,,,,50.5,,,,109.9,16.6,,,,1993,3
1993-04-01,56.7,20.0,283.9,6.4,27.6,84.5,25.5,28.0,,21.4,,,,38.7,,,,102.0,11.8,,,,1993,4
1993-05-01,37.2,10.0,129.9,6.0,28.2,82.9,25.9,27.8,,22.1,,,,64.4,,,,135.4,11.2,,,,1993,5
1993-06-01,29.4,17.0,115.5,6.2,28.5,80.9,25.8,28.2,,27.7,,,,55.8,,,,181.3,23.0,,,,1993,6
1993-07-01,46.4,15.0,240.0,5.2,27.9,83.2,25.6,27.7,,27.1,,,,41.9,,,,112.2,13.0,,,,1993,7
1993-08-01,53.5,11.0,106.8,7.4,28.6,79.4,25.7,28.0,,16.3,,,,37.6,,,,146.1,17.2,,,,1993,8
1993-09-01,42.0,7.0,61.7,5.9,27.9,81.4,25.3,27.9,,14.0,,,,33.9,,,,116.0,82.6,,,,1993,9
1993-10-01,62.7,13.0,175.5,5.2,27.5,84.3,25.4,27.5,,17.8,,,,31.6,,,,103.6,33.5,,,,1993,10
1993-11-01,61.3,18.0,250.8,4.7,26.9,87.4,25.2,27.3,,23.0,,,,87.9,,,,157.5,17.2,,,,1993,11
1993-12-01,67.6,19.0,308.5,4.2,26.5,87.4,24.9,27.7,,13.0,,,,38.0,,,,127.0,15.6,,,,1993,12
1994-01-01,17.5,7.0,56.9,6.1,26.9,82.1,24.5,26.7,,11.6,,,,16.4,,,,83.8,12.2,,,,1994,1
1994-02-01,26.3,15.0,133.5,6.4,27.0,84.5,25.0,27.4,,18.3,,,,22.4,,,,108.2,18.2,,,,1994,2
1994-03-01,64.2,19.0,288.2,3.5,26.8,87.1,25.1,27.3,,26.4,,,,49.4,,,,124.6,15.6,,,,1994,3
1994-04-01,46.3,15.0,154.0,5.8,27.9,84.8,25.8,28.3,,20.6,,,,31.0,,,,117.6,11.0,,,,1994,4
1994-05-01,45.1,16.0,169.6,5.0,28.1,84.8,26.0,28.2,,16.2,,,,48.5,,,,159.5,12.0,,,,1994,5
1994-06-01,61.1,14.0,184.7,6.0,28.1,83.5,25.8,28.2,,14.2,,,,39.9,,,,130.5,14.9,,,,1994,6
1994-07-01,17.0,6.0,53.8,7.6,28.4,78.9,25.5,27.4,,25.6,,,,40.9,,,,113.2,12.2,,,,1994,7
1994-08-01,15.5,12.0,45.1,6.5,28.1,80.0,25.4,27.5,,24.9,,,,50.6,,,,123.2,15.0,,,,1994,8
1994-09-01,11.3,6.0,23.7,3.8,28.3,78.7,25.4,27.5,,27.2,,,,36.8,,,,103.1,137.8,,,,1994,9
1994-10-01,35.4,11.0,84.7,4.5,27.9,81.5,25.3,26.9,,29.4,,,,32.5,,,,86.6,10.7,,,,1994,10
1994-11-01,178.3,21.0,322.2,4.5,26.7,88.4,25.2,27.9,,39.4,,,,102.7,,,,138.9,13.7,,,,1994,11
1994-12-01,133.8,18.0,425.4,5.3,26.9,85.5,24.9,27.2,,19.3,,,,58.4,,,,144.4,12.8,,,,1994,12
1995-01-01,108.3,21.0,349.4,5.0,26.8,86.2,25.0,27.0,,12.7,,,,32.1,,,,92.7,8.8,,,,1995,1
1995-02-01,159.3,16.0,334.0,4.9,26.5,87.5,24.8,26.9,,10.9,,,,50.7,,,,86.2,10.2,,,,1995,2
1995-03-01,31.1,10.0,67.7,5.9,27.6,83.9,25.4,28.0,,14.4,,,,31.5,,,,128.2,12.4,,,,1995,3
1995-04-01,73.6,16.0,242.3,5.6,27.9,85.3,25.9,28.1,,14.0,,,,27.9,,,,97.8,9.2,,,,1995,4
1995-05-01,32.8,11.0,84.4,6.0,28.5,83.7,26.3,28.5,,14.9,,,,48.9,,,,148.4,9.9,,,,1995,5
1995-06-01,45.0,12.0,63.7,6.6,28.9,81.9,26.3,28.4,,18.9,,,,36.0,,,,132.3,9.3,,,,1995,6
1995-07-01,52.3,13.0,173.6,5.2,28.0,82.6,25.7,27.7,,20.1,,,,30.1,,,,117.8,19.3,,,,1995,7
1995-08-01,37.9,21.0,211.6,4.1,27.4,85.6,25.5,27.4,,29.0,,,,37.4,,,,137.4,11.0,,,,1995,8
1995-09-01,5.7,7.0,29.5,5.8,28.3,81.6,25.8,28.1,,23.7,,,,28.8,,,,127.1,115.4,,,,1995,9
1995-10-01,37.1,12.0,101.1,4.7,27.8,82.8,25.5,27.8,,32.8,,,,39.4,,,,106.0,8.7,,,,1995,10
1995-11-01,198.6,20.0,372.8,3.7,27.0,86.8,25.2,27.6,,55.5,,,,122.5,,,,136.1,9.8,,,,1995,11
1995-12-01,55.6,20.0,302.5,3.1,26.3,86.6,24.5,27.0,,46.1,,,,57.6,,,,128.5,19.0,,,,1995,12
1996-01-01,39.0,10.0,173.2,5.2,26.2,84.2,24.1,27.0,,24.1,5.4,,,36.0,,,,76.0,12.3,,,,1996,1
1996-02-01,53.0,11.0,180.2,5.8,26.5,84.6,24.4,26.7,,30.2,7.4,,,31.3,,,,121.8,15.8,,,,1996,2
1996-03-01,61.8,8.0,129.7,7.7,27.8,81.0,25.1,27.5,,22.0,9.0,,,36.9,,,,113.3,9.0,,,,1996,3
1996-04-01,55.7,15.0,178.2,5.4,27.8,85.5,25.8,28.4,,15.4,6.0,,,23.9,,,,109.1,8.3,,,,1996,4
1996-05-01,18.6,15.0,107.5,7.0,28.5,83.7,26.3,28.4,,21.2,8.1,,,51.8,,,,145.7,25.8,,,,1996,5
1996-06-01,94.3,15.0,265.8,5.9,28.3,84.3,26.1,28.2,,18.0,7.6,,,34.6,,,,161.4,29.4,,,,1996,6
1996-07-01,55.3,10.0,162.3,6.7,28.3,81.9,25.9,27.9,,12.7,8.4,,,33.5,,,,116.1,7.8,,,,1996,7
1996-08-01,64.6,18.0,258.4,5.0,27.4,83.4,25.2,27.5,,17.5,10.0,,,42.4,,,,118.3,7.6,,,,1996,8
1996-09-01,66.5,18.0,297.0,4.8,27.7,82.2,25.3,28.0,,13.9,4.9,,,25.6,,,,104.7,104.9,,,,1996,9
1996-10-01,45.8,19.0,300.0,4.3,27.5,83.0,25.2,27.2,,22.7,11.8,,,36.3,,,,92.0,6.6,,,,1996,10
1996-11-01,60.5,16.0,180.2,4.4,27.3,83.5,25.1,27.5,,36.0,12.0,,,41.3,,,,185.2,8.8,,,,1996,11
1996-12-01,72.4,15.0,185.5,4.5,26.6,82.9,24.3,27.2,,18.1,14.2,,,34.3,,,,165.4,15.3,,,,1996,12
1997-01-01,13.9,3.0,15.4,7.7,27.1,77.3,24.0,26.4,,17.1,17.5,,,15.3,,,,84.1,8.3,,,,1997,1
1997-02-01,35.7,8.0,105.4,4.9,27.4,80.8,24.8,26.8,,18.2,12.8,,,24.1,,,,130.4,32.7,,,,1997,2
1997-03-01,17.4,10.0,34.3,7.0,28.1,79.6,25.2,27.2,,25.4,7.9,,,159.6,,,,140.6,11.1,,,,1997,3
1997-04-01,44.6,12.0,118.4,5.6,28.1,82.7,25.7,27.9,3.6,23.4,7.5,,,39.8,,,,98.6,8.4,,,,1997,4
1997-05-01,35.6,6.0,41.6,6.7,29.3,77.7,26.2,28.0,9.2,22.3,11.7,,,63.0,,,,142.5,9.9,,,,1997,5
1997-06-01,25.0,12.0,78.9,7.3,29.3,76.7,26.0,27.9,9.1,23.8,9.6,,,43.1,,,,150.2,8.5,,,,1997,6
1997-07-01,5.4,9.0,18.6,6.5,28.8,76.5,25.5,27.4,3.1,20.9,14.7,,,31.1,,,,121.9,9.6,,,,1997,7
1997-08-01,61.4,9.0,86.6,5.7,28.8,78.2,25.7,27.6,6.7,32.1,17.9,,,30.6,,,,120.0,10.1,,,,1997,8
1997-09-01,24.3,3.0,31.1,3.2,28.8,77.0,25.6,27.1,4.1,17.6,7.0,,,40.2,,,,86.5,123.8,,,,1997,9
1997-10-01,36.5,8.0,78.4,3.2,28.2,81.0,25.6,27.4,4.5,20.4,19.7,,,40.4,,,,78.6,7.7,,,,1997,10
1997-11-01,53.6,13.0,158.3,5.4,27.8,82.8,25.4,27.4,5.4,27.7,17.9,,,117.7,,,,125.6,8.8,,,,1997,11
1997-12-01,65.8,23.0,351.9,5.3,27.3,85.3,25.4,27.7,2.1,13.7,15.4,,,32.6,,,,131.6,8.7,,,,1997,12
1998-01-01,79.7,13.0,268.8,7.4,28.0,83.2,25.7,28.0,4.2,14.5,26.4,,,22.3,,,,95.5,14.2,,,,1998,1
1998-02-01,11.9,5.0,32.5,8.9,28.9,78.3,25.9,28.2,4.0,16.5,9.7,,,34.8,,,,79.1,8.8,,,,1998,2
1998-03-01,20.9,7.0,58.8,7.6,29.5,77.8,26.3,28.4,5.6,20.0,6.7,,,40.8,,,,106.3,7.8,,,,1998,3
1998-04-01,64.9,13.0,187.7,6.7,29.2,81.8,26.7,28.8,10.0,21.8,7.6,,,43.6,,,,103.6,7.3,,,,1998,4
1998-05-01,83.7,18.0,370.8,5.9,29.4,82.3,26.9,29.3,19.3,31.5,16.6,,,65.3,,,,127.7,7.7,,,,1998,5
1998-06-01,42.8,15.0,198.8,5.3,28.6,82.1,26.1,28.6,4.2,18.5,12.5,,,46.9,,,,145.9,6.4,,,,1998,6
1998-07-01,55.8,18.0,259.2,5.1,28.1,81.8,25.6,28.2,5.8,19.4,15.1,,,32.2,,,,98.9,6.3,,,,1998,7
1998-08-01,35.5,18.0,195.0,4.6,27.5,85.4,25.5,27.4,9.9,22.3,23.4,,,27.8,,,,109.2,7.8,,,,1998,8
1998-09-01,52.0,17.0,258.2,4.5,27.9,84.1,25.8,28.0,5.4,17.7,12.8,,,35.6,,,,105.8,51.0,,,,1998,9
1998-10-01,32.4,20.0,222.7,5.0,28.0,82.3,25.6,28.0,8.0,22.5,39.9,,,41.4,,,,100.5,84.6,,,,1998,10
1998-11-01,57.5,11.0,107.2,4.6,27.9,81.9,25.4,27.8,6.1,23.9,7.8,,,42.4,,,,120.5,6.9,,,,1998,11
1998-12-01,84.4,22.0,463.4,3.1,26.6,88.5,25.1,27.7,3.2,13.8,5.0,,,36.3,,,,126.4,7.8,,,,1998,12
1999-01-01,52.5,19.0,193.9,3.9,26.6,88.3,25.1,27.4,4.4,17.9,7.4,2.5,,15.8,,,,100.7,7.9,,,,1999,1
1999-02-01,32.1,9.0,67.4,6.7,27.2,82.4,24.9,27.4,17.7,17.4,5.3,2.8,,25.2,,,,106.6,13.2,,,,1999,2
1999-03-01,52.4,16.0,181.4,4.3,27.1,87.5,25.5,28.0,30.1,21.1,7.6,4.8,,95.8,,,,112.6,8.1,,,,1999,3
1999-04-01,29.2,14.0,88.5,5.8,28.3,82.6,25.9,28.3,25.9,21.3,29.6,2.9,,31.6,,,,91.4,6.4,,,,1999,4
1999-05-01,42.8,13.0,157.1,5.7,28.0,84.4,25.9,28.0,33.9,36.6,37.1,3.5,,52.1,,,,136.6,6.8,,,,1999,5
1999-06-01,34.5,13.0,103.4,6.0,28.2,81.9,25.7,27.9,2.2,29.0,6.0,2.9,,36.5,,,,135.0,6.9,,,,1999,6
1999-07-01,51.4,11.0,225.4,6.8,27.8,82.7,25.4,27.5,3.8,31.6,10.0,4.8,,32.6,,,,110.4,6.8,,,,1999,7
1999-08-01,42.4,13.0,204.0,5.7,27.5,84.1,25.4,27.2,6.2,29.5,26.0,4.6,,30.6,,,,117.0,8.4,,,,1999,8
1999-09-01,41.5,13.0,125.9,6.5,27.9,81.7,25.4,27.5,4.5,23.4,8.3,4.0,,32.7,,,,105.8,122.7,,,,1999,9
1999-10-01,32.8,20.0,205.0,4.7,27.2,84.6,25.1,27.5,4.5,33.9,10.1,4.3,,55.8,,,,89.1,6.8,,,,1999,10
1999-11-01,39.0,19.0,241.5,4.7,27.3,84.4,25.1,27.2,5.0,46.1,11.3,4.1,,60.8,,,,125.8,7.5,,,,1999,11
1999-12-01,76.9,17.0,340.5,4.1,26.8,85.3,24.8,27.4,3.3,27.3,22.1,2.2,,40.7,,,,155.3,8.4,,,,1999,12
2000-01-01,127.6,14.0,275.2,4.0,26.3,86.9,24.6,26.6,3.3,17.3,13.3,3.1,,17.9,,,,78.0,8.1,,,,2000,1
2000-02-01,39.9,18.0,237.8,5.8,26.6,86.5,24.8,27.7,4.4,18.9,10.5,2.5,,26.0,,,,113.8,36.5,,,,2000,2
2000-03-01,37.9,15.0,238.3,5.8,27.2,85.8,25.3,27.6,4.5,26.5,16.9,2.7,,68.6,,,,126.6,7.7,,,,2000,3
2000-04-01,87.4,20.0,311.6,5.3,27.5,85.6,25.6,28.2,4.0,17.6,8.6,2.7,,38.2,,,,103.1,6.2,,,,2000,4
2000-05-01,36.7,10.0,96.8,6.8,28.6,82.4,26.2,28.4,6.2,22.8,9.4,2.6,,68.6,,,,136.4,5.9,,,,2000,5
2000-06-01,41.7,16.0,157.5,4.6,27.6,84.3,25.5,27.8,4.0,15.0,10.4,2.8,,43.3,,,,127.4,6.5,,,,2000,6
2000-07-01,34.6,12.0,116.1,6.5,28.1,82.6,25.7,27.6,4.3,21.6,10.3,3.1,,31.5,,,,122.6,7.0,,,,2000,7
2000-08-01,28.1,18.0,113.5,5.1,27.5,83.8,25.4,27.4,4.4,24.7,11.1,2.7,,29.5,,,,103.7,10.2,,,,2000,8
2000-09-01,25.7,12.0,81.1,6.2,28.0,82.2,25.6,28.0,9.0,31.1,6.3,3.5,,36.1,,,,100.1,94.8,,,,2000,9
2000-10-01,38.3,14.0,120.9,4.0,27.8,82.1,25.3,28.0,11.6,36.3,16.6,4.1,,28.6,,,,75.9,8.9,,,,2000,10
2000-11-01,72.0,21.0,385.7,3.7,27.3,87.1,25.6,28.0,7.1,40.6,11.3,5.5,,51.1,,,,102.2,5.4,,,,2000,11
2000-12-01,45.8,18.0,236.0,4.2,27.0,87.6,25.3,28.2,8.5,36.4,9.2,2.5,,50.1,,,,133.7,8.6,,,,2000,12
2001-01-01,125.4,21.0,425.8,4.4,26.5,87.4,24.9,27.5,6.4,21.8,9.2,2.7,,22.2,71.5,62.8,,95.4,11.3,,,,2001,1
2001-02-01,28.2,11.0,86.6,4.8,27.0,83.6,24.8,27.1,5.6,19.3,16.0,3.5,,40.4,58.5,58.0,,79.9,6.6,,,,2001,2
2001-03-01,41.1,20.0,297.3,5.4,27.5,84.5,25.4,28.0,6.5,28.3,12.8,4.7,,52.2,76.1,76.9,,139.1,6.7,,,,2001,3
2001-04-01,68.9,18.0,203.3,5.3,27.7,86.0,25.9,28.2,4.9,21.0,9.6,2.9,,36.7,75.5,69.7,,104.9,6.1,,,,2001,4
2001-05-01,56.1,12.0,164.9,6.0,28.5,85.0,26.5,28.4,6.9,27.2,9.9,3.9,,51.8,82.7,68.5,,122.7,5.5,,,,2001,5
2001-06-01,49.6,11.0,137.1,4.9,28.2,82.5,25.8,28.1,4.5,18.9,7.5,3.3,,36.4,81.5,75.8,,145.5,5.6,,,,2001,6
2001-07-01,44.8,9.0,111.3,8.1,28.4,80.8,25.8,27.8,4.7,19.2,8.6,7.2,,38.9,91.5,81.7,,122.1,6.7,,,,2001,7
2001-08-01,36.6,14.0,158.3,4.9,28.0,83.7,25.8,28.6,6.9,24.6,14.6,3.4,,49.9,83.4,91.2,,115.9,6.7,,,,2001,8
2001-09-01,74.3,13.0,162.0,6.2,28.0,82.3,25.6,27.5,4.9,20.1,9.3,3.6,,58.9,82.0,68.8,,127.2,71.0,,,,2001,9
2001-10-01,77.2,20.0,252.2,4.4,27.6,83.7,25.4,27.5,5.0,20.9,12.3,3.1,,32.6,55.9,54.8,,87.5,34.5,,,,2001,10
2001-11-01,102.6,15.0,175.3,3.7,27.2,84.9,25.2,27.5,8.0,28.3,18.7,4.7,,45.9,79.9,55.1,,125.6,37.7,,,,2001,11
2001-12-01,211.1,20.0,609.0,4.5,26.7,86.8,24.9,27.4,6.0,18.3,9.3,3.6,,54.6,91.6,75.8,,162.7,47.3,,,,2001,12
2002-01-01,83.8,11.0,221.2,6.9,27.0,83.6,24.8,26.7,7.2,17.3,9.5,4.1,,20.0,64.4,59.7,,76.7,26.1,,,,2002,1
2002-02-01,41.7,2.0,50.8,7.4,27.3,80.9,24.7,27.1,6.2,20.0,5.3,3.1,,22.5,66.6,59.0,,96.5,30.1,,,,2002,2
2002-03-01,26.4,8.0,55.6,7.6,28.2,80.8,25.5,28.2,5.7,25.9,6.6,3.1,,50.3,91.0,80.9,,145.2,27.5,,,,2002,3
2002-04-01,39.4,13.0,116.5,6.6,28.6,82.3,26.1,28.2,6.3,24.7,5.5,3.3,,28.5,71.9,61.8,,81.8,17.0,,,,2002,4
2002-05-01,75.9,13.0,236.6,6.2,28.9,82.3,26.4,28.9,8.2,41.2,10.6,3.4,,56.5,88.7,70.3,,117.1,17.9,,,,2002,5
2002-06-01,45.8,12.0,83.1,6.3,28.7,82.1,26.2,28.0,3.2,19.9,11.1,2.3,,67.4,83.6,70.2,,123.6,21.8,,,,2002,6
2002-07-01,69.5,11.0,233.7,6.8,28.4,82.7,26.1,28.1,5.6,23.0,13.3,4.2,,35.4,80.6,81.6,,106.3,16.8,,,,2002,7
2002-08-01,17.8,14.0,54.2,6.7,28.5,79.2,25.6,28.0,8.1,25.2,27.5,4.4,,41.2,91.3,92.0,,108.7,20.4,,,,2002,8
2002-09-01,38.9,9.0,124.2,5.5,28.1,81.7,25.5,27.5,3.7,18.7,8.8,3.0,,53.2,80.1,76.1,,112.2,218.9,,,,2002,9
2002-10-01,3.2,7.0,10.8,6.2,28.7,79.8,25.8,27.6,5.5,27.5,8.0,4.4,,37.6,97.5,71.1,,81.7,15.4,,,,2002,10
2002-11-01,84.0,15.0,307.2,4.6,27.4,85.8,25.5,27.8,5.8,28.5,11.6,4.4,,39.0,87.5,67.5,,94.8,46.6,,,,2002,11
2002-12-01,38.6,24.0,255.0,4.8,27.2,88.7,25.7,28.0,6.4,19.5,9.9,3.3,,64.2,86.2,83.6,,147.2,21.9,,,,2002,12
2003-01-01,194.4,20.0,444.2,4.7,26.7,86.9,24.9,27.3,4.2,15.1,7.3,2.4,,15.1,54.2,63.9,,54.9,15.6,,,,2003,1
2003-02-01,82.2,13.0,172.9,5.8,27.1,85.0,25.1,27.1,7.1,24.7,9.5,4.2,,27.7,65.2,55.6,,86.9,21.0,,,,2003,2
2003-03-01,38.3,11.0,154.6,6.9,28.1,83.8,25.8,28.0,31.2,19.0,9.2,3.1,,45.1,60.8,59.4,,103.0,19.7,,,,2003,3
2003-04-01,42.9,20.0,159.9,5.1,27.9,86.7,26.1,28.4,5.4,10.5,4.3,1.1,,11.2,15.7,18.6,,37.4,16.5,,,,2003,4
2003-05-01,33.0,11.0,81.8,5.8,29.2,81.7,26.6,28.9,8.9,1.0,4.8,1.9,,15.4,21.7,24.6,,62.5,18.1,,,,2003,5
2003-06-01,23.2,12.0,50.3,7.0,28.9,78.5,25.9,28.0,11.0,1.1,7.8,3.9,,68.2,54.7,38.7,,118.6,31.9,,,,2003,6
2003-07-01,30.9,14.0,170.4,5.6,28.1,81.7,25.6,28.1,12.5,4.6,10.4,3.2,,45.3,59.4,51.9,,85.6,24.3,,,,2003,7
2003-08-01,64.4,13.0,193.6,6.1,28.2,83.1,25.9,28.3,11.5,8.3,21.5,5.9,,45.7,70.0,63.7,,93.9,73.1,,,,2003,8
2003-09-01,60.0,15.0,205.3,5.0,27.6,84.8,25.6,27.8,14.0,7.1,16.6,4.0,,60.1,72.8,51.7,,96.6,171.3,,,,2003,9
2003-10-01,56.6,21.0,351.4,5.1,27.6,84.9,25.5,27.9,14.4,6.8,19.5,5.5,,43.8,62.2,52.7,,88.6,18.9,,,,2003,10
2003-11-01,41.3,19.0,133.8,4.2,27.1,87.3,25.4,28.1,14.6,5.7,18.5,5.9,,50.3,83.7,62.4,,116.6,19.6,,,,2003,11
2003-12-01,92.1,17.0,273.0,3.9,26.5,87.2,24.9,27.1,12.5,5.0,20.0,4.7,,58.4,75.8,67.0,,118.1,22.7,,,,2003,12
2004-01-01,177.8,13.0,600.9,6.7,26.9,86.7,25.1,27.3,13.8,4.1,23.2,5.4,,47.4,58.3,57.4,,75.9,31.8,,,,2004,1
2004-02-01,19.2,4.0,31.9,7.7,27.6,80.5,25.0,27.5,14.4,6.1,22.1,3.7,,58.7,40.7,56.9,,69.0,37.2,,,,2004,2
2004-03-01,122.8,16.0,269.4,4.8,27.7,85.8,25.7,28.0,15.1,10.0,21.9,4.0,,107.4,42.3,59.9,,96.1,56.4,,,,2004,3
2004-04-01,18.1,9.0,57.1,7.0,28.9,82.3,26.4,28.5,17.0,12.4,25.4,3.9,,91.7,52.0,60.7,,89.0,51.9,,,,2004,4
2004-05-01,73.4,13.0,137.6,6.0,28.9,82.1,26.4,28.6,19.4,6.8,29.9,5.5,,104.8,70.3,72.0,,99.2,47.5,,,,2004,5
2004-06-01,68.1,8.0,127.2,6.3,29.0,79.8,26.2,28.3,16.0,6.0,29.2,3.6,,85.2,84.2,88.1,,121.2,32.0,,,,2004,6
2004-07-01,34.3,20.0,166.6,4.2,27.3,85.3,25.4,27.3,17.9,8.4,30.1,4.8,,39.7,80.4,83.3,,95.3,36.2,,,,2004,7
2004-08-01,111.5,8.0,185.2,7.3,28.3,80.3,25.5,27.9,17.0,7.2,28.1,7.9,,30.5,76.6,85.2,,108.6,19.8,,,,2004,8
2004-09-01,29.1,14.0,128.9,5.9,27.8,83.6,25.6,27.5,33.1,6.3,31.4,4.5,,38.4,54.7,63.5,,83.9,169.1,,,,2004,9
2004-10-01,25.3,13.0,125.6,5.0,27.8,83.9,25.6,27.8,23.8,6.6,30.3,4.7,,37.0,60.4,75.7,,78.4,43.4,,,,2004,10
2004-11-01,62.4,15.0,166.2,5.8,27.3,86.1,25.4,27.7,20.9,9.0,30.7,6.5,,72.0,81.7,70.0,,98.7,31.8,,,,2004,11
2004-12-01,36.4,14.0,139.8,4.9,26.8,85.2,24.9,27.2,17.4,4.7,35.5,7.0,,93.5,87.5,86.0,,133.0,41.6,,,,2004,12
2005-01-01,96.7,8.0,163.2,6.5,26.6,83.3,24.4,26.5,19.0,4.9,44.7,4.6,,72.3,52.0,70.6,,74.6,50.9,,,,2005,1
2005-02-01,7.2,3.0,8.4,9.1,28.5,77.7,25.3,28.0,16.4,6.9,38.6,4.5,,41.4,57.2,70.3,,92.9,85.8,,,,2005,2
2005-03-01,20.5,12.0,82.4,7.2,28.5,80.3,25.7,27.9,22.9,8.5,23.7,4.6,,62.5,68.7,89.4,,121.8,53.1,,,,2005,3
2005-04-01,49.6,10.0,81.7,7.0,28.7,81.0,26.0,28.0,24.9,12.4,22.5,8.4,,44.9,67.2,73.9,,90.4,42.2,,,,2005,4
2005-05-01,58.7,20.0,331.1,5.5,28.5,84.6,26.4,28.5,22.3,8.9,24.5,8.4,,72.6,85.3,95.6,,131.5,51.2,,,,2005,5
2005-06-01,27.6,15.0,82.3,5.4,28.8,82.7,26.4,28.4,16.9,5.1,26.7,6.0,,75.8,84.1,85.6,,133.2,62.8,,,,2005,6
2005-07-01,26.3,15.0,104.0,5.4,28.0,84.0,25.8,28.0,25.0,7.6,32.3,8.9,,61.3,88.6,99.2,,125.8,52.0,,,,2005,7
2005-08-01,13.8,13.0,58.5,6.5,28.2,82.9,25.9,27.8,24.7,7.1,30.5,8.5,,49.0,93.0,105.0,,102.8,28.4,,,,2005,8
2005-09-01,43.4,18.0,175.7,6.2,28.2,84.2,26.0,28.4,32.8,9.2,22.8,7.9,,66.3,70.7,68.6,,82.1,171.6,,,,2005,9
2005-10-01,76.2,19.0,314.5,5.1,27.6,85.2,25.6,28.3,33.9,5.0,25.5,7.1,,41.9,74.6,80.8,,79.2,41.4,,,,2005,10
2005-11-01,133.8,23.0,362.9,4.4,27.3,86.4,25.4,27.6,22.0,11.4,26.1,6.3,,79.9,70.3,69.3,,111.8,50.2,,,,2005,11
2005-12-01,47.3,19.0,166.0,4.5,27.3,85.6,25.3,27.6,16.3,4.3,28.8,7.1,,116.0,67.9,94.4,,137.2,50.9,,,,2005,12
2006-01-01,131.7,20.0,454.4,4.8,26.5,87.8,24.9,27.4,16.1,5.2,23.6,8.0,,53.1,59.0,80.4,,101.3,54.1,,,,2006,1
2006-02-01,44.5,8.0,115.5,7.4,27.5,84.0,25.4,27.6,11.3,7.3,21.6,7.2,,41.5,47.1,60.2,,79.8,49.4,,,,2006,2
2006-03-01,35.7,9.0,83.1,7.1,28.3,81.3,25.7,28.1,17.7,1.1,26.3,8.0,,85.6,52.6,97.4,,124.6,48.7,,,,2006,3
2006-04-01,43.3,18.0,239.8,5.3,27.6,87.0,25.9,28.3,54.2,2.8,28.2,7.1,,62.2,57.8,80.6,,119.5,49.4,,,,2006,4
2006-05-01,36.6,14.0,205.7,5.0,28.1,85.2,26.1,29.0,45.5,0.7,35.3,10.5,,89.7,77.6,95.6,,136.9,35.8,,,,2006,5
2006-06-01,37.3,16.0,236.8,5.5,27.8,86.3,26.0,27.9,36.6,5.4,31.5,7.4,,153.3,64.2,108.6,,121.2,43.7,,,,2006,6
2006-07-01,54.8,15.0,153.8,6.9,28.4,83.8,26.2,28.5,47.4,3.8,27.9,8.1,,111.2,73.6,90.0,,131.3,52.5,,,,2006,7
2006-08-01,30.4,14.0,127.3,6.7,28.3,81.9,25.9,28.2,40.9,6.5,24.9,10.2,,112.3,78.2,95.4,,131.1,53.1,,,,2006,8
2006-09-01,32.2,12.0,83.3,5.3,28.0,81.0,25.4,27.5,43.4,10.9,26.2,6.4,,82.1,52.8,58.4,,106.0,92.8,,,,2006,9
2006-10-01,37.8,8.0,102.0,4.8,28.3,80.9,25.7,27.9,45.5,28.5,24.7,8.4,,51.0,70.9,86.1,,105.5,120.6,,,,2006,10
2006-11-01,64.0,18.0,185.6,5.6,27.3,87.4,25.6,28.2,43.4,2.9,24.4,6.0,,54.6,64.3,64.7,,102.0,49.1,,,,2006,11
2006-12-01,198.0,22.0,765.9,3.2,26.6,88.5,25.1,27.9,35.9,83.5,19.8,7.1,,92.3,90.2,89.7,,145.9,49.5,,,,2006,12
2007-01-01,143.8,20.0,450.1,4.1,26.5,86.8,24.7,27.8,41.5,49.1,23.3,6.4,,47.5,60.6,83.6,,90.5,51.6,,,,2007,1
2007-02-01,51.4,3.0,105.5,7.6,27.3,82.5,24.9,27.1,50.1,40.3,17.8,7.1,,41.0,58.5,77.0,,77.0,41.7,,,,2007,2
2007-03-01,68.8,21.0,269.1,5.8,27.5,84.9,25.4,28.0,52.7,53.1,20.5,7.9,,67.4,68.1,114.4,,114.4,39.4,,,,2007,3
2007-04-01,102.4,14.0,240.2,5.9,28.1,84.7,26.0,28.5,50.7,57.9,25.1,6.7,,51.1,76.4,80.8,,126.0,42.3,,,,2007,4
2007-05-01,21.9,16.0,127.2,5.5,28.3,84.8,26.2,28.5,46.4,61.0,27.0,7.1,,68.3,81.3,90.1,,152.6,36.9,,,,2007,5
2007-06-01,38.0,12.0,139.0,6.0,28.4,82.8,26.1,28.3,38.1,55.0,26.1,6.5,,83.1,84.0,107.6,,152.4,28.2,,,,2007,6
2007-07-01,23.0,19.0,141.7,3.8,27.7,84.8,25.7,28.0,50.1,56.9,28.1,8.7,,82.3,77.8,108.7,,139.5,37.6,,,,2007,7
2007-08-01,55.9,20.0,190.7,5.7,27.7,82.9,25.4,27.3,46.6,63.2,29.5,11.3,,93.2,78.7,117.8,,134.4,33.3,,,,2007,8
2007-09-01,52.1,13.0,149.0,5.8,27.8,83.3,25.6,27.5,43.2,65.5,18.0,7.4,,102.6,54.4,73.6,,103.5,127.4,,,,2007,9
2007-10-01,51.8,16.0,237.2,5.6,27.8,83.2,25.5,28.0,51.1,54.3,30.1,7.6,,49.2,63.1,91.1,,103.3,32.5,,,,2007,10
2007-11-01,60.1,21.0,367.9,3.5,26.9,86.5,25.1,27.9,57.5,62.0,24.4,8.0,,68.2,79.8,84.0,,84.0,34.8,,,,2007,11
2007-12-01,159.0,20.0,468.6,4.5,26.4,86.8,24.7,27.2,47.0,56.8,23.0,7.8,,126.4,92.5,104.5,,165.1,37.7,,,,2007,12
2008-01-01,123.1,19.0,262.6,6.1,26.8,86.0,24.9,27.3,53.4,53.0,21.6,7.0,,40.9,61.6,98.7,,100.5,35.6,,,,2008,1
2008-02-01,48.5,8.0,129.2,5.5,26.7,82.9,24.4,27.6,55.6,75.8,21.7,7.8,,70.1,48.4,85.1,,109.1,54.9,,,,2008,2
2008-03-01,48.1,16.0,294.1,4.3,26.5,87.1,24.8,27.3,74.6,92.4,35.0,6.5,,67.9,69.0,129.9,,141.1,50.3,,,,2008,3
2008-04-01,34.2,13.0,87.2,6.0,28.1,82.0,25.6,27.5,49.6,68.6,27.8,7.4,10.5,46.4,60.7,68.0,,100.9,54.9,,,,2008,4
2008-05-01,42.3,11.0,124.9,6.6,28.8,79.1,25.8,28.0,76.8,84.3,49.7,8.1,32.0,101.2,78.0,107.0,,139.9,53.0,,,,2008,5
2008-06-01,45.2,12.0,118.3,5.6,28.2,81.5,25.7,27.6,53.8,73.5,50.4,8.3,15.9,128.0,82.2,100.9,,153.0,45.1,,,,2008,6
2008-07-01,23.5,15.0,89.1,4.9,27.8,81.3,25.3,27.2,63.5,124.5,64.3,9.7,30.2,99.5,91.6,108.3,,140.8,53.5,,,,2008,7
2008-08-01,133.9,18.0,327.3,5.5,27.4,83.8,25.3,27.2,58.7,67.4,54.3,9.0,23.5,89.0,82.0,115.3,,132.7,50.8,,,,2008,8
2008-09-01,43.5,18.0,164.4,5.1,27.7,82.7,25.3,27.5,45.4,54.6,46.6,6.9,10.8,67.7,45.0,64.4,,87.5,85.2,,,,2008,9
2008-10-01,41.6,19.0,159.5,4.5,27.6,84.9,25.5,27.4,58.1,64.7,71.1,7.2,16.0,82.2,77.4,102.6,,125.8,49.5,,,,2008,10
2008-11-01,63.3,16.0,324.3,4.0,27.3,85.9,25.4,28.0,57.6,56.9,71.7,8.2,17.9,129.6,59.3,85.0,,150.1,61.7,,,,2008,11
2008-12-01,52.0,17.0,244.2,4.8,26.9,83.7,24.7,27.2,50.6,56.2,63.7,9.2,15.1,116.9,86.4,112.3,,208.2,72.0,,,,2008,12
2009-01-01,36.0,5.0,38.3,6.6,26.8,79.1,24.0,26.6,44.0,53.8,51.2,9.0,22.3,63.6,69.4,92.4,,143.9,91.2,,,,2009,1
2009-02-01,74.2,8.0,201.8,6.4,27.3,80.7,24.6,27.1,42.3,49.9,55.2,7.4,30.6,46.3,54.5,69.7,,103.6,67.9,,,,2009,2
2009-03-01,56.3,19.0,223.3,5.5,27.2,85.4,25.2,27.9,83.2,57.1,59.3,8.7,19.6,86.0,88.8,93.0,,150.4,76.0,,,,2009,3
2009-04-01,86.6,12.0,183.7,6.2,28.5,82.2,26.0,28.0,67.5,61.9,59.4,9.0,26.9,55.6,55.0,73.9,,128.5,71.2,,,,2009,4
2009-05-01,41.3,17.0,198.6,6.6,28.7,83.0,26.4,28.6,83.9,62.4,78.1,11.2,23.5,73.5,74.5,94.6,,134.7,73.3,,,,2009,5
2009-06-01,5.8,8.0,21.8,7.0,29.1,79.8,26.3,28.4,93.0,70.6,50.9,8.6,18.3,126.6,90.4,104.7,,162.1,56.6,,,,2009,6
2009-07-01,24.4,16.0,161.0,6.2,28.3,80.8,25.6,27.5,49.7,94.3,85.0,7.9,22.3,90.7,74.6,108.0,,130.0,66.4,,,,2009,7
2009-08-01,35.5,12.0,177.8,6.5,28.3,80.7,25.6,28.1,57.8,72.3,75.9,10.0,17.9,107.3,67.3,108.3,,136.5,72.8,,,,2009,8
2009-09-01,63.0,13.0,109.6,5.6,28.3,82.0,25.9,28.0,42.1,88.4,76.0,8.6,24.3,81.6,61.6,90.8,,129.0,68.8,,,,2009,9
2009-10-01,38.4,15.0,133.4,5.4,28.2,82.8,25.9,27.6,61.1,95.2,53.7,8.5,19.4,66.0,64.5,111.4,,127.7,77.3,,,,2009,10
2009-11-01,61.4,23.0,281.8,4.7,27.2,85.6,25.3,28.1,62.2,80.2,51.0,10.0,22.2,116.8,62.3,68.6,,124.8,57.8,,,,2009,11
2009-12-01,42.6,18.0,189.8,4.7,27.1,86.3,25.3,27.7,52.2,71.9,47.9,8.5,23.4,145.3,99.4,120.8,,192.4,61.8,,,,2009,12
2010-01-01,24.5,10.0,69.5,7.1,27.5,82.1,25.0,27.3,39.0,73.5,50.5,7.0,16.5,82.7,66.8,77.9,,114.5,66.4,,,,2010,1
2010-02-01,2.9,4.0,6.3,8.8,28.9,77.3,25.6,27.8,47.1,60.2,37.8,7.0,13.7,106.8,73.4,87.4,,127.0,84.7,,,,2010,2
2010-03-01,57.6,11.0,238.0,6.1,28.6,79.9,25.7,28.4,65.4,104.1,45.5,7.6,22.5,90.3,71.5,88.5,,135.8,73.1,,,,2010,3
2010-04-01,40.0,18.0,158.5,6.2,28.6,84.1,26.3,28.4,48.0,57.8,51.9,9.3,18.8,94.1,59.0,84.6,,127.1,90.4,,,,2010,4
2010-05-01,90.5,17.0,157.5,6.5,29.2,82.2,26.7,28.8,85.2,68.1,66.1,9.5,20.6,98.8,88.5,107.7,,153.0,74.6,,,,2010,5
2010-06-01,43.0,19.0,240.5,5.1,28.3,83.9,26.1,28.1,69.3,62.4,59.7,8.7,18.8,124.1,94.0,103.1,,160.5,66.3,,,,2010,6
2010-07-01,121.1,18.0,298.5,4.6,27.7,84.8,25.6,27.8,72.5,79.9,86.1,8.9,23.1,66.6,87.7,110.7,,150.0,69.5,,,,2010,7
2010-08-01,60.2,16.0,158.4,5.4,27.9,84.2,25.7,28.1,71.0,71.3,50.3,9.6,26.0,51.4,78.7,109.6,,132.5,61.3,,,,2010,8
2010-09-01,28.0,13.0,121.5,5.7,28.0,82.5,25.6,27.5,63.7,60.7,48.3,8.3,15.5,62.4,55.6,74.1,,117.4,167.1,,,,2010,9
2010-10-01,58.1,17.0,166.2,4.2,28.3,82.3,25.8,27.7,80.2,76.4,50.3,10.2,16.7,67.1,63.6,117.6,,110.9,54.4,,,,2010,10
2010-11-01,41.6,21.0,278.8,5.0,27.4,85.9,25.4,27.6,65.5,68.8,42.7,11.7,18.3,101.4,59.4,69.5,,122.0,33.3,,,,2010,11
2010-12-01,85.8,14.0,181.4,3.6,26.8,85.3,24.8,27.4,70.3,64.0,50.7,7.3,14.4,179.8,84.0,98.9,,179.8,33.3,,,,2010,12
2011-01-01,216.2,17.0,513.2,4.5,26.3,85.8,24.4,27.0,61.7,77.5,48.7,7.1,14.8,102.6,57.5,77.4,,94.5,50.1,,,,2011,1
2011-02-01,17.4,8.0,23.0,7.5,27.3,81.1,24.7,26.8,59.5,49.1,39.6,8.4,22.1,93.2,69.3,83.0,,131.9,106.0,,,,2011,2
2011-03-01,54.0,22.0,256.6,4.6,27.1,85.5,25.1,27.5,74.9,64.9,51.8,8.9,16.6,72.4,60.6,78.6,,134.3,96.8,,,,2011,3
2011-04-01,61.8,12.0,217.8,7.2,27.9,83.9,25.7,27.8,51.2,70.8,53.7,7.5,14.6,73.2,71.6,90.5,,146.2,82.9,,,,2011,4
2011-05-01,34.2,15.0,127.0,5.9,28.5,85.3,26.5,28.8,49.3,110.8,49.5,9.7,16.8,88.9,88.6,91.4,,140.4,81.6,,,,2011,5
2011-06-01,82.0,15.0,213.0,5.0,28.4,83.7,26.1,28.4,55.2,119.5,56.2,9.7,25.8,98.8,83.0,92.0,,155.7,72.9,,,,2011,6
2011-07-01,30.0,7.0,76.6,7.8,28.7,81.3,26.1,28.0,92.6,76.0,53.8,10.3,18.3,80.1,104.0,123.8,,169.5,91.5,,,,2011,7
2011-08-01,30.2,13.0,81.4,6.1,27.9,82.6,25.6,27.4,113.9,90.8,93.6,15.2,29.0,80.1,86.4,115.1,,149.8,58.9,,,,2011,8
2011-09-01,40.4,14.0,136.4,5.1,27.8,82.7,25.5,27.3,65.9,59.4,56.0,7.2,14.9,49.0,56.1,79.6,,117.9,150.3,,,,2011,9
2011-10-01,54.0,20.0,216.8,5.3,27.3,87.4,25.5,27.6,101.8,80.4,51.9,8.4,18.3,71.6,69.8,90.4,,134.4,63.0,,,,2011,10
2011-11-01,78.6,24.0,377.8,4.6,27.1,87.8,25.5,27.5,42.3,72.0,42.0,11.4,28.8,99.1,68.6,78.7,,121.9,65.5,,,,2011,11
2011-12-01,87.4,21.0,284.6,3.3,26.6,88.4,25.1,27.3,46.2,61.4,39.8,12.1,14.3,144.9,93.4,97.9,,173.7,43.6,,,,2011,12
2012-01-01,26.2,16.0,106.1,6.0,26.7,87.3,25.0,27.3,40.2,78.9,40.6,12.1,18.6,80.2,85.6,103.7,,141.0,65.4,,,,2012,1
2012-02-01,38.4,11.0,83.6,7.0,27.2,85.6,25.3,27.0,45.6,58.4,39.2,9.1,25.2,90.8,59.9,92.0,,108.4,62.8,,,,2012,2
2012-03-01,92.3,21.0,313.4,4.2,27.0,87.3,25.3,27.9,46.3,62.2,47.7,9.4,19.2,68.7,69.3,89.5,,139.3,75.1,,,,2012,3
2012-04-01,48.4,20.0,260.6,5.8,27.6,85.1,25.6,27.7,56.9,72.7,49.2,9.3,22.0,55.0,73.9,93.1,,143.7,82.9,,,,2012,4
2012-05-01,79.2,19.0,292.0,5.6,28.2,83.1,25.8,28.0,44.7,79.7,55.8,10.9,19.5,74.7,90.7,95.8,,138.3,73.3,,,,2012,5
2012-06-01,38.2,8.0,53.0,6.0,28.7,79.0,25.8,27.7,36.5,67.3,72.1,11.1,29.9,95.9,88.8,103.7,,155.8,72.2,,,,2012,6
2012-07-01,35.4,17.0,130.8,6.2,27.7,81.1,25.2,26.5,41.8,78.6,67.6,10.5,21.8,83.5,90.3,114.3,,155.9,70.7,,,,2012,7
2012-08-01,31.0,12.0,119.0,6.1,27.9,79.8,25.2,26.8,45.6,105.0,106.7,16.0,41.7,68.3,86.2,119.0,,163.5,71.6,,,,2012,8
2012-09-01,35.8,10.0,107.6,5.6,27.9,79.7,25.2,26.9,38.1,75.7,51.4,8.0,26.1,50.9,56.5,82.2,,126.3,126.4,,,,2012,9
2012-10-01,22.6,13.0,122.2,5.9,27.7,81.3,25.2,27.4,56.9,77.8,41.2,7.9,14.9,83.7,63.3,91.1,,126.5,69.5,,,,2012,10
2012-11-01,49.2,22.0,208.2,4.4,27.1,85.4,25.1,27.5,35.4,74.8,43.2,9.3,17.9,89.7,58.5,76.9,,124.8,68.5,,,,2012,11
2012-12-01,78.8,22.0,363.4,3.6,26.7,87.0,25.0,27.0,36.8,55.0,41.5,9.3,13.2,127.7,78.3,102.2,,233.0,72.6,,,,2012,12
2013-01-01,73.0,15.0,262.0,6.0,27.1,82.1,24.6,26.7,36.0,64.7,46.4,7.6,15.0,67.5,58.3,93.3,,152.0,49.2,,,,2013,1
2013-02-01,95.2,22.0,395.2,4.0,26.5,86.9,24.8,27.1,33.8,74.5,37.5,8.8,14.0,59.9,63.0,88.2,,136.7,50.6,,,,2013,2
2013-03-01,29.6,10.0,85.8,7.5,28.3,80.4,25.5,28.0,44.5,82.0,44.3,10.6,14.7,56.7,66.1,97.2,,180.3,74.3,,,,2013,3
2013-04-01,41.6,19.0,159.4,5.2,28.2,82.7,25.8,27.8,36.3,70.4,39.3,9.0,17.7,49.6,56.7,81.8,42.0,127.3,49.8,,,,2013,4
2013-05-01,46.2,17.0,211.4,5.4,28.2,83.1,25.8,28.0,36.7,79.3,54.2,13.9,28.2,69.7,72.9,96.6,58.3,135.4,57.3,,,,2013,5
2013-06-01,22.4,12.0,111.4,6.4,29.0,74.6,25.3,28.1,34.3,97.6,90.3,14.2,38.3,85.4,69.0,96.8,78.7,143.2,58.9,,,,2013,6
2013-07-01,37.4,15.0,174.6,5.7,27.8,79.9,25.0,27.3,35.2,106.3,65.7,9.3,35.0,84.4,73.1,116.9,62.2,175.4,69.9,,,,2013,7
2013-08-01,43.2,15.0,165.6,6.1,27.9,79.0,25.0,26.9,42.3,194.7,113.5,11.6,68.8,88.7,77.1,136.7,86.7,182.9,60.4,,,,2013,8
2013-09-01,52.6,19.0,257.0,4.6,27.5,81.3,25.0,26.9,40.9,108.3,41.1,8.0,30.3,45.4,50.6,77.9,65.8,127.4,39.8,,,,2013,9
2013-10-01,139.8,19.0,285.4,6.3,27.7,79.9,25.0,26.9,42.6,104.0,62.8,7.4,35.8,63.7,59.7,94.5,63.3,132.2,60.0,,,,2013,10
2013-11-01,44.0,22.0,292.4,4.5,27.1,84.6,25.1,27.0,39.3,103.5,72.6,8.2,39.1,116.8,55.1,78.0,77.6,127.4,58.4,,,,2013,11
2013-12-01,119.8,21.0,348.2,3.5,26.5,85.8,24.6,27.0,30.5,113.9,61.2,8.7,36.9,111.7,76.0,110.0,168.7,183.9,64.6,,,,2013,12
2014-01-01,31.2,5.0,75.4,5.3,26.2,78.5,23.4,26.2,36.5,105.7,71.7,9.4,33.5,59.9,60.4,105.7,103.0,135.7,82.7,4.1,,11.6,2014,1
2014-02-01,0.2,1.0,0.2,8.8,27.2,74.5,23.7,25.9,37.7,112.2,67.5,10.1,30.2,58.6,58.0,96.4,102.2,134.7,79.7,8.1,,12.1,2014,2
2014-03-01,52.6,6.0,66.0,8.0,27.9,76.0,24.5,27.0,49.4,71.4,50.6,10.2,27.6,52.6,52.1,89.2,123.0,131.5,99.1,3.5,,15.4,2014,3
2014-04-01,28.8,17.0,110.0,5.7,28.2,80.0,25.5,27.0,46.5,62.4,54.7,10.2,25.4,41.2,58.5,87.5,86.1,132.9,94.8,2.8,,13.0,2014,4
2014-05-01,22.2,18.0,125.8,5.8,28.6,80.2,25.8,27.7,38.6,84.3,52.4,10.6,27.5,52.7,74.8,101.8,94.9,138.5,88.3,9.0,,15.4,2014,5
2014-06-01,18.8,11.0,71.4,6.0,29.0,77.5,25.9,27.8,25.7,75.3,49.6,20.3,32.2,108.7,66.0,98.7,118.0,141.7,93.8,7.6,,12.2,2014,6
2014-07-01,29.0,15.0,148.6,5.5,28.7,78.3,25.7,27.1,44.8,74.0,48.4,15.0,37.0,130.2,70.8,122.6,93.3,155.7,78.5,6.7,,15.4,2014,7
2014-08-01,44.2,20.0,241.0,4.5,27.7,79.7,24.9,26.6,28.4,102.0,109.3,19.5,80.0,99.2,73.9,136.8,94.4,169.4,65.9,6.6,,17.9,2014,8
2014-09-01,34.6,9.0,83.6,7.0,28.5,75.6,25.1,26.9,27.9,63.7,47.7,9.5,31.9,64.0,44.7,77.6,68.3,118.3,56.6,8.8,,12.3,2014,9
2014-10-01,32.8,10.0,120.0,6.0,28.4,77.0,25.2,26.9,33.2,50.5,68.4,9.8,30.9,70.8,59.7,96.6,84.7,129.9,78.7,17.7,,18.0,2014,10
2014-11-01,64.4,23.0,250.8,5.4,27.5,82.4,25.1,27.0,27.3,50.9,64.9,9.1,31.0,86.0,47.7,69.9,85.6,125.4,71.3,10.6,,14.1,2014,11
2014-12-01,48.2,17.0,245.6,3.7,27.0,82.6,24.7,26.7,27.3,49.6,58.7,8.4,29.8,128.4,68.8,97.1,91.0,164.5,61.8,7.0,,9.1,2014,12
2015-01-01,33.6,6.0,79.6,7.4,26.9,77.6,23.8,26.1,26.3,50.9,84.3,7.7,34.3,58.3,62.6,94.7,50.5,129.7,61.9,4.5,,36.2,2015,1
2015-02-01,10.8,6.0,18.8,7.3,27.0,75.4,23.6,25.8,25.9,46.2,49.8,8.3,32.5,68.9,62.3,106.1,59.2,156.3,88.9,18.7,,36.8,2015,2
2015-03-01,46.0,5.0,84.4,7.3,28.2,75.8,24.8,26.7,26.0,56.3,67.2,7.8,36.0,75.5,53.0,80.4,53.7,127.9,86.8,3.7,,36.1,2015,3
2015-04-01,18.8,13.0,73.2,7.2,28.6,77.1,25.4,27.4,25.1,89.0,72.9,8.4,33.2,78.9,62.0,78.8,56.1,133.3,96.9,5.6,,33.3,2015,4
2015-05-01,22.2,12.0,89.0,5.8,28.7,78.9,25.8,27.3,23.3,84.0,82.7,9.0,38.3,87.6,83.3,101.2,73.3,153.1,85.8,7.7,43.4,37.6,2015,5
2015-06-01,28.4,10.0,95.8,6.7,29.0,75.8,25.6,27.0,24.5,76.0,95.6,10.3,36.8,75.9,78.0,93.9,87.1,190.1,87.4,10.3,23.9,38.2,2015,6
2015-07-01,45.8,13.0,116.8,7.1,29.1,74.9,25.5,27.2,30.0,56.2,83.3,13.8,39.8,94.2,77.8,127.1,82.8,184.5,86.7,7.5,23.8,47.2,2015,7
2015-08-01,63.2,11.0,185.8,6.1,28.4,76.7,25.2,27.0,45.9,108.9,143.5,41.1,93.5,191.4,91.9,137.3,119.7,223.3,74.2,6.6,23.3,59.2,2015,8
2015-09-01,18.4,8.0,61.6,4.3,28.7,75.0,25.2,26.9,19.7,45.4,58.5,9.1,32.5,67.3,44.3,80.7,56.3,115.8,64.1,10.8,36.4,33.9,2015,9
2015-10-01,28.6,9.0,87.2,4.7,28.7,75.4,25.2,27.2,39.5,50.7,64.8,11.2,33.1,69.0,54.7,87.2,54.7,106.2,53.7,6.7,21.3,43.1,2015,10
2015-11-01,25.8,13.0,72.6,4.8,28.0,79.1,25.1,26.7,39.7,50.9,55.1,10.0,32.6,78.9,66.6,74.6,59.4,125.8,70.0,8.8,14.0,44.3,2015,11
2015-12-01,40.4,19.0,302.3,5.3,27.7,81.1,25.1,27.5,23.7,60.1,45.5,16.0,33.0,100.1,73.6,97.0,90.3,187.4,83.1,6.4,9.0,51.0,2015,12
2016-01-01,39.6,15.0,126.6,7.2,28.3,79.6,25.5,27.2,34.8,60.7,47.2,11.3,29.3,64.1,66.7,97.5,54.2,134.9,105.2,6.2,11.5,34.7,2016,1
2016-02-01,71.8,10.0,186.0,6.5,27.8,78.8,24.9,27.0,38.3,50.4,34.7,10.9,25.3,76.8,61.5,91.4,57.6,153.7,121.6,10.8,13.0,31.8,2016,2
2016-03-01,2.4,6.0,6.2,8.0,29.0,74.7,25.4,27.1,68.9,50.8,38.8,11.3,43.2,81.6,56.8,91.0,60.6,144.2,122.8,8.4,11.3,49.9,2016,3
2016-04-01,18.2,14.0,89.8,7.0,29.4,75.6,25.9,27.5,46.3,60.3,35.8,10.3,28.3,66.5,57.8,81.7,54.4,128.0,160.2,4.1,11.2,35.9,2016,4
2016-05-01,54.8,12.0,193.8,6.2,29.3,77.4,26.1,27.7,45.0,76.9,75.5,9.5,29.9,73.7,82.3,101.0,67.5,149.2,74.8,8.9,10.7,43.9,2016,5
2016-06-01,67.8,13.0,162.8,5.4,28.5,77.7,25.4,27.4,32.7,89.0,83.7,10.4,27.2,83.0,67.8,99.3,73.8,144.5,68.0,4.6,10.1,43.4,2016,6
2016-07-01,59.4,20.0,168.6,6.3,28.4,77.3,25.3,27.3,40.7,55.2,69.7,9.8,37.5,87.4,78.8,130.0,89.5,183.8,81.4,6.2,16.3,55.0,2016,7
2016-08-01,30.6,15.0,139.2,6.7,28.9,74.0,25.2,26.9,42.5,93.9,128.0,30.2,122.9,86.3,76.4,132.8,95.8,188.9,183.6,5.5,12.7,50.4,2016,8
2016-09-01,34.0,15.0,118.9,5.5,28.3,73.9,24.6,26.5,50.8,62.7,34.3,7.8,42.3,57.9,48.0,75.0,55.1,119.0,107.3,28.0,12.4,37.8,2016,9
2016-10-01,75.4,16.0,181.0,4.6,28.3,72.0,24.4,27.0,53.6,56.7,55.9,8.2,41.4,69.0,56.5,85.4,75.6,134.9,172.3,15.9,15.8,41.6,2016,10
2016-11-01,65.6,20.0,290.2,3.5,27.4,77.6,24.4,26.8,40.4,56.2,68.0,21.2,39.9,95.0,47.9,67.4,56.9,117.4,49.6,22.8,12.1,40.7,2016,11
2016-12-01,73.0,23.0,292.6,5.1,27.4,72.8,23.6,26.6,40.3,64.6,61.2,19.3,41.2,114.5,71.6,98.0,101.9,198.5,67.8,11.8,9.0,43.1,2016,12
2017-01-01,60.6,21.0,197.6,4.8,26.9,84.8,24.9,27.3,52.2,65.7,61.5,12.4,41.2,78.7,64.5,103.8,73.1,161.9,78.7,15.5,12.7,49.3,2017,1
2017-02-01,31.0,15.0,158.4,7.1,26.9,83.2,24.7,26.7,40.5,69.5,67.4,10.7,40.5,70.4,52.7,92.5,60.8,133.1,88.2,11.3,12.2,57.3,2017,2
2017-03-01,30.2,11.0,136.2,6.1,27.4,82.5,25.0,27.3,37.4,60.7,24.6,14.6,59.5,80.1,50.7,92.6,70.4,145.5,71.6,8.0,14.9,59.7,2017,3
2017-04-01,42.8,21.0,208.6,5.3,27.8,83.5,25.5,27.9,42.5,49.2,11.5,13.9,38.0,59.2,78.3,99.9,74.6,156.6,68.7,8.5,12.5,50.6,2017,4
2017-05-01,44.8,15.0,190.0,5.9,28.5,82.8,26.1,27.8,49.9,58.3,38.7,11.4,38.9,63.5,89.0,109.7,78.8,148.2,71.4,13.8,15.8,48.9,2017,5
2017-06-01,29.6,10.0,106.0,6.3,28.5,80.2,25.8,27.6,48.0,64.1,37.6,15.2,39.1,81.5,77.4,112.6,87.3,160.2,92.8,5.1,11.6,70.0,2017,6
2017-07-01,30.2,9.0,79.6,7.0,28.3,79.6,25.5,27.1,43.4,72.4,30.7,12.0,39.3,94.6,75.7,130.0,91.9,187.5,86.6,6.3,13.9,73.3,2017,7
2017-08-01,29.4,18.0,84.2,6.1,28.1,79.9,25.4,27.1,41.3,190.1,69.2,22.4,72.3,88.6,76.1,139.8,110.8,200.9,83.3,7.7,17.4,60.2,2017,8
2017-09-01,20.2,19.0,124.4,5.7,28.0,81.0,25.4,27.3,28.9,60.8,12.0,8.6,27.0,51.5,59.5,88.6,64.9,134.1,85.8,10.5,17.5,48.2,2017,9
2017-10-01,31.2,18.0,120.8,5.5,27.9,82.5,25.5,27.4,36.9,83.3,21.8,8.7,26.8,69.2,67.1,103.5,77.5,152.1,76.7,13.6,24.5,68.9,2017,10
2017-11-01,45.2,24.0,268.6,4.2,27.1,86.3,25.2,27.6,33.2,60.8,20.0,9.3,25.6,55.9,57.0,75.3,60.4,116.3,68.9,14.0,9.5,57.5,2017,11
2017-12-01,69.8,23.0,371.2,5.6,27.0,85.2,25.0,27.5,34.4,66.6,19.7,8.5,24.9,81.5,79.2,113.5,102.0,195.4,52.1,7.7,14.0,53.8,2017,12
2018-01-01,45.8,25.0,287.0,4.1,26.1,86.6,24.3,26.8,41.9,70.2,29.5,6.7,15.0,57.6,62.8,103.5,67.5,137.8,42.6,13.0,21.0,59.4,2018,1
2018-02-01,13.0,5.0,14.8,8.0,27.2,77.2,24.1,26.6,36.9,74.6,21.9,10.3,15.9,77.7,62.0,114.4,71.8,163.1,53.4,33.0,12.2,65.7,2018,2
2018-03-01,15.2,10.0,44.6,6.4,28.0,78.4,25.0,26.9,46.4,80.3,23.8,8.5,18.7,65.7,65.0,109.6,74.9,158.8,47.9,16.9,15.6,61.6,2018,3
2018-04-01,14.0,14.0,61.2,6.8,28.5,78.5,25.5,27.4,45.6,67.4,13.4,8.9,19.9,49.0,66.0,98.3,71.4,153.0,58.2,15.7,17.4,53.0,2018,4
2018-05-01,47.4,19.0,132.2,5.8,28.7,79.0,25.7,27.2,48.8,80.2,29.1,9.0,16.2,68.7,82.8,112.4,76.6,149.5,52.9,14.3,13.5,59.2,2018,5
2018-06-01,46.8,17.0,182.6,4.1,28.4,79.3,25.6,27.6,44.1,82.9,32.6,12.2,15.6,78.0,71.7,114.2,83.4,167.7,68.5,20.8,16.2,79.7,2018,6
2018-07-01,32.4,10.0,143.2,6.1,28.5,77.7,25.4,26.9,46.7,86.5,28.4,12.1,18.5,97.6,68.6,141.1,93.5,247.7,44.7,10.6,22.3,69.9,2018,7
2018-08-01,34.6,11.0,121.6,6.7,28.5,77.0,25.3,27.2,42.3,131.8,62.6,31.8,38.4,97.2,70.4,156.0,105.4,245.5,53.7,13.3,16.7,67.7,2018,8
2018-09-01,45.0,13.0,144.4,6.0,28.0,77.1,24.8,27.1,37.3,68.9,5.7,11.2,14.4,69.7,49.2,86.7,74.4,159.7,54.6,35.6,19.6,50.6,2018,9
2018-10-01,60.6,18.0,234.4,6.1,27.9,79.7,25.1,27.1,49.7,79.5,12.2,11.1,14.6,68.1,59.9,96.2,75.0,158.4,56.3,14.6,30.7,53.8,2018,10
2018-11-01,20.6,27.0,169.6,3.8,27.3,83.2,25.0,27.0,43.7,68.4,10.8,11.5,13.6,63.3,58.9,87.4,65.5,144.5,59.5,18.0,23.9,58.5,2018,11
2018-12-01,43.8,19.0,172.6,5.1,27.6,81.5,25.1,26.8,41.4,68.9,10.8,10.9,12.5,70.5,71.9,109.6,98.9,223.4,66.9,8.0,12.0,49.7,2018,12
2019-01-01,38.2,9.0,63.6,7.1,28.0,75.6,24.6,26.8,52.0,74.6,7.3,10.2,15.1,71.4,56.5,110.5,70.5,148.8,56.9,17.4,27.3,69.8,2019,1
2019-02-01,13.4,5.0,31.6,9.2,28.2,74.1,24.6,26.3,55.2,82.9,1.1,12.0,14.7,66.7,55.8,113.0,81.2,184.4,65.2,25.7,13.8,63.0,2019,2
2019-03-01,29.0,6.0,72.2,8.3,28.7,72.3,24.7,27.1,65.9,85.6,0.0,10.0,29.8,88.5,57.4,96.4,71.1,149.6,67.8,12.6,22.9,66.7,2019,3
2019-04-01,52.4,9.0,174.8,5.9,28.6,77.6,25.5,27.8,48.5,72.1,0.0,0.0,0.0,63.4,65.1,101.9,74.4,155.4,86.0,12.6,17.5,54.4,2019,4
2019-05-01,17.2,13.0,69.0,7.0,29.3,79.2,26.3,28.8,47.4,66.6,0.0,0.0,0.0,73.8,70.3,111.0,75.0,145.1,133.2,12.3,15.2,81.0,2019,5
2019-06-01,37.6,16.0,173.8,5.3,28.4,79.5,25.6,27.4,58.1,116.3,0.0,0.0,0.0,108.4,73.0,115.9,85.8,181.7,0.0,22.8,18.8,55.9,2019,6
2019-07-01,6.6,8.0,12.2,7.5,29.0,75.2,25.5,27.5,65.0,133.6,0.0,0.0,0.0,129.1,60.9,141.1,89.8,217.3,0.0,14.3,18.8,78.0,2019,7
2019-08-01,3.8,6.0,11.8,7.6,29.1,72.1,25.1,27.1,64.0,186.6,0.0,0.0,0.0,125.0,69.1,158.3,108.1,250.4,0.0,26.4,16.7,70.0,2019,8
2019-09-01,16.4,4.0,22.8,6.7,29.0,73.0,25.2,26.7,63.7,69.2,0.0,0.0,0.0,96.3,147.7,83.2,64.1,146.4,0.0,28.2,13.7,40.4,2019,9
2019-10-01,92.2,15.0,176.8,6.5,28.1,78.1,25.1,26.8,56.0,81.7,0.0,0.0,0.0,77.0,59.9,99.2,82.0,164.0,0.0,13.9,34.1,65.3,2019,10
2019-11-01,73.4,15.0,137.4,5.5,28.0,79.2,25.1,27.3,50.5,64.4,0.0,0.0,0.0,59.8,51.5,81.4,65.9,132.2,0.0,20.9,22.8,58.5,2019,11
2019-12-01,74.2,14.0,421.5,4.8,26.7,83.9,24.6,27.6,44.0,65.7,0.0,0.0,0.0,68.2,64.3,106.2,93.9,192.4,0.0,12.3,14.4,58.4,2019,12
2020-01-01,38.0,6.0,88.4,7.1,27.7,77.9,24.7,26.5,45.9,73.4,0.0,0.0,0.0,65.3,58.3,112.3,75.0,170.7,0.0,28.9,25.7,66.4,2020,1
2020-02-01,23.8,8.0,65.0,8.3,27.9,76.0,24.5,26.7,28.9,42.3,0.0,0.0,0.0,31.5,16.6,42.7,23.7,49.5,0.0,23.3,7.3,38.8,2020,2
2020-03-01,47.4,8.0,108.8,7.6,28.6,75.2,25.1,27.3,14.8,31.9,0.0,0.0,0.0,18.8,12.7,23.8,30.1,64.4,0.0,5.8,5.5,8.0,2020,3
2020-04-01,51.8,12.0,188.0,7.1,28.9,76.4,25.5,27.3,0.0,0.0,0.0,0.0,0.0,1.9,0.7,1.0,1.5,3.6,0.0,0.0,0.0,0.0,2020,4
2020-05-01,53.8,16.0,255.6,5.7,28.9,79.1,26.0,27.7,0.0,0.0,0.0,0.0,0.0,0.0,0.0,0.0,0.0,0.0,0.0,0.0,0.0,0.0,2020,5
2020-06-01,41.0,21.0,233.8,4.3,28.1,80.2,25.4,27.1,0.0,0.0,0.0,0.0,0.0,0.0,0.0,0.0,0.0,0.0,0.0,0.0,0.0,0.0,2020,6
2020-07-01,30.4,22.0,140.8,5.7,27.9,78.2,25.0,26.9,10.0,28.6,0.0,0.0,0.0,6.3,17.9,2.4,32.1,67.7,0.0,5.2,1.7,2.4,2020,7
2020-08-01,34.6,12.0,103.4,6.4,28.3,76.8,25.1,27.3,12.8,31.6,0.0,0.0,0.0,10.5,24.4,21.8,39.0,77.6,0.0,7.1,2.3,3.2,2020,8
2020-09-01,32.8,18.0,150.2,4.8,27.5,79.0,24.7,26.6,12.0,19.7,0.0,0.0,0.0,19.3,23.4,20.8,64.7,92.3,0.0,10.4,2.3,3.4,2020,9
2020-10-01,19.0,16.0,78.8,4.3,28.3,75.4,24.9,26.9,13.9,28.6,0.0,0.0,0.0,11.6,26.8,28.8,61.7,100.2,0.0,12.7,2.8,4.7,2020,10
2020-11-01,64.2,19.0,220.6,4.0,27.2,81.7,24.8,26.9,17.8,84.3,0.0,0.0,0.0,21.3,24.1,25.1,60.6,87.8,0.0,6.2,3.4,6.5,2020,11
2020-12-01,58.2,20.0,253.2,5.2,27.2,81.1,24.7,27.9,23.1,84.4,0.0,0.0,0.0,56.6,39.7,64.4,119.7,169.2,0.0,9.4,2.5,10.9,2020,12
2021-01-01,210.6,17.0,692.8,4.2,26.0,82.6,23.7,26.0,19.4,22.9,0.0,0.0,0.0,15.4,90.3,22.4,41.0,54.7,0.0,13.0,8.0,7.0,2021,1
2021-02-01,0.6,2.0,1.0,8.2,27.3,73.8,23.7,26.3,17.9,21.5,0.0,0.0,0.0,9.7,18.8,21.7,42.2,67.2,0.0,20.4,4.4,8.0,2021,2
2021-03-01,38.0,14.0,182.4,7.3,27.9,76.6,24.7,26.7,23.0,32.0,0.0,0.0,0.0,21.3,26.6,46.4,77.2,115.1,0.0,9.7,9.4,12.7,2021,3
2021-04-01,83.8,14.0,290.4,6.8,28.2,77.4,25.1,27.6,21.1,27.2,0.0,0.0,0.0,16.0,19.1,27.8,47.7,64.1,0.0,7.6,9.4,9.5,2021,4
2021-05-01,49.8,13.0,245.8,6.0,28.7,79.3,25.9,27.8,15.3,21.8,0.0,0.0,0.0,7.8,12.3,16.2,31.3,44.9,0.0,6.2,3.2,6.8,2021,5
2021-06-01,23.8,20.0,93.4,6.5,28.5,77.8,25.5,29.3,11.4,20.5,0.0,0.0,0.0,14.1,16.8,21.9,42.5,65.0,0.0,7.7,2.1,4.5,2021,6
2021-07-01,75.0,12.0,195.8,6.8,28.6,76.5,25.4,27.3,15.8,24.7,0.0,0.0,0.0,15.6,12.5,19.3,35.9,77.4,0.0,7.9,2.6,6.7,2021,7
2021-08-01,71.4,24.0,293.6,4.8,27.6,80.4,25.0,27.2,15.7,27.2,0.0,0.0,0.0,11.6,13.1,16.2,37.5,67.8,0.0,6.5,2.4,4.5,2021,8
2021-09-01,63.4,14.0,205.4,6.4,28.3,77.3,25.2,28.8,17.8,25.7,0.0,0.0,0.0,22.5,16.6,21.7,50.4,90.8,0.0,31.1,2.9,4.9,2021,9
2021-10-01,59.6,14.0,177.0,6.2,28.5,78.3,25.5,27.7,14.4,24.6,0.0,0.0,0.0,14.3,11.9,18.9,40.5,64.5,0.0,5.8,4.5,5.2,2021,10
2021-11-01,47.8,23.0,312.4,4.9,27.6,81.7,25.1,27.6,15.2,30.0,0.0,0.0,0.0,24.6,15.2,19.0,47.0,70.6,0.0,7.8,3.0,7.5,2021,11
2021-12-01,46.8,15.0,119.6,5.4,27.7,79.7,25.0,27.0,20.1,56.3,0.0,0.0,0.0,63.4,37.6,48.2,96.8,147.8,0.0,8.8,3.1,10.0,2021,12
2022-01-01,50.0,9.0,99.8,8.3,27.4,77.4,24.4,26.5,18.8,31.7,0.0,0.0,0.0,21.5,14.7,24.4,56.6,73.2,0.0,3.3,7.1,9.1,2022,1
2022-02-01,29.6,16.0,175.0,5.9,27.3,80.3,24.6,26.7,14.4,36.0,0.0,0.0,0.0,16.5,12.7,18.9,48.1,65.8,0.0,5.2,2.5,6.6,2022,2
2022-03-01,36.2,21.0,163.2,6.4,28.1,79.2,25.3,27.8,17.1,43.9,0.0,0.0,0.0,32.8,18.2,29.5,63.4,85.1,0.0,1.9,3.7,9.4,2022,3
2022-04-01,58.8,18.0,239.6,5.2,28.1,80.0,25.4,27.6,19.3,36.7,0.0,0.0,0.0,29.1,18.1,29.9,52.8,66.2,0.0,1.9,5.1,17.1,2022,4
2022-05-01,44.6,12.0,102.0,6.7,29.2,76.5,25.9,27.8,23.6,51.8,0.0,0.0,0.0,38.8,20.0,40.3,67.7,92.6,0.0,3.7,8.5,23.3,2022,5
2022-06-01,59.4,17.0,211.8,4.7,27.9,79.1,25.1,27.0,30.0,84.5,0.0,0.0,0.0,64.1,29.2,54.6,76.7,105.5,0.0,3.2,7.3,21.0,2022,6
2022-07-01,27.8,16.0,145.2,6.2,28.6,76.8,25.4,27.4,31.9,84.2,0.0,0.0,0.0,32.5,23.3,59.1,65.5,101.2,0.0,3.4,10.6,25.5,2022,7
2022-08-01,32.4,15.0,141.4,5.5,28.1,77.4,25.1,28.6,31.9,100.4,0.0,0.0,0.0,25.6,17.8,52.7,63.8,88.8,0.0,6.0,9.3,25.2,2022,8
